{"acc": 0.8120570255062983, "loss": 0.26100273908048205, "_timestamp": 1676829015.9202476, "_runtime": 1.3657855987548828, "_step": 7, "_wandb": {"runtime": 0}}